{
    "model_name": "EfficientNetAdvanced",
    "train_losses": [
        0.3215195259685626,
        0.32592502979998966,
        0.31130510531152067,
        0.31096334136812764,
        0.299681374164317,
        0.2995992598881582,
        0.2900705991970056,
        0.2830502047308093,
        0.30132623240412765,
        0.29997069159144424,
        0.27779166680211154,
        0.28318612824440265,
        0.30870973438342175,
        0.2723531829313881,
        0.27181839398035884,
        0.2738221098948092,
        0.2901116001981469,
        0.28644975580847243,
        0.2893477326763494,
        0.2784565665351136
    ],
    "val_losses": [
        0.2257098625598435,
        0.22474073741399464,
        0.25013609042112855,
        0.22460787175258914,
        0.22549186665969181,
        0.21980338573151317,
        0.23526917504548722,
        0.22889718270621537,
        0.21668947017055817,
        0.20627702936282713,
        0.20661866997926476,
        0.21499733988428785,
        0.20664921850156356,
        0.2028262742139675,
        0.19250557557376408,
        0.2067274876976074,
        0.2113390160322494,
        0.2119264311679326,
        0.20264045311801734,
        0.23466802908923587
    ],
    "train_accuracy": [
        0.8759223831647991,
        0.8781087728887674,
        0.8827548510522001,
        0.882208253621208,
        0.8876742279311287,
        0.8860344356381525,
        0.8925936048100573,
        0.8975129816889861,
        0.8882208253621208,
        0.8915004099480732,
        0.9013391637059306,
        0.896419786827002,
        0.8865810330691446,
        0.8994260726974583,
        0.9007925662749385,
        0.8986061765509702,
        0.8958731893960098,
        0.8939600983875375,
        0.8909538125170812,
        0.8975129816889861
    ],
    "val_accuracy": [
        0.9220945083014048,
        0.9220945083014048,
        0.9246487867177522,
        0.9259259259259259,
        0.9348659003831418,
        0.9284802043422733,
        0.9310344827586207,
        0.9348659003831418,
        0.9259259259259259,
        0.929757343550447,
        0.9310344827586207,
        0.9284802043422733,
        0.9284802043422733,
        0.933588761174968,
        0.9348659003831418,
        0.929757343550447,
        0.9310344827586207,
        0.9246487867177522,
        0.9310344827586207,
        0.9284802043422733
    ],
    "best_epoch": 15,
    "MODEL_SAVED_PATH": "/Users/mac/Desktop/Code/Personal_Project/VNUK/xray_chest_classification/model_checkpoints/best_EfficientNetAdvanced_finetuned.pth"
}