{
    "model_name": "EfficientNetAdvanced",
    "train_losses": [
        0.49891156114279667,
        0.36945000770943953,
        0.34514728465795347,
        0.3442676909048715,
        0.32318431369940703,
        0.31729549718399247,
        0.32758835370789813,
        0.3140301769058033,
        0.3162121097669736,
        0.3386299198707648
    ],
    "val_losses": [
        0.22843362234290654,
        0.22333559274217596,
        0.23287337591041798,
        0.18657703415613558,
        0.21199201147141467,
        0.22030242286038446,
        0.1873504610636038,
        0.1867429245384428,
        0.20145047030075103,
        0.1882163112979546
    ],
    "train_accuracy": [
        0.8072231523558957,
        0.8631906242525712,
        0.8765845491509209,
        0.8751494857689548,
        0.8780196125328869,
        0.8828031571394404,
        0.8758670174599378,
        0.8789763214541976,
        0.8775412580722315,
        0.8725185362353504
    ],
    "val_accuracy": [
        0.9101338432122371,
        0.9139579349904398,
        0.9139579349904398,
        0.9311663479923518,
        0.9196940726577438,
        0.9082217973231358,
        0.9292543021032504,
        0.9196940726577438,
        0.9196940726577438,
        0.9235181644359465
    ],
    "val_f1": [],
    "val_recall": [],
    "val_auc": [],
    "best_accuracy": 0.9311663479923518,
    "best_epoch": 4,
    "MODEL_SAVED_PATH": "/Users/mac/Desktop/Code/Personal_Project/VNUK/xray_chest_classification/model_checkpoints/best_EfficientNetAdvanced_finetuned.pth"
}