{
    "model_name": "EfficientNetAdvanced",
    "train_losses": [
        0.5038107703730582,
        0.37159192487258885,
        0.33120077872669773,
        0.34224525425842406,
        0.3299226775049051,
        0.3353151744545661,
        0.3226903091632302,
        0.3185342144763689,
        0.3204670668546448,
        0.30740337196761586
    ],
    "val_losses": [
        0.27873823126461034,
        0.24374208785949655,
        0.23833826591704133,
        0.19652765123155788,
        0.20131597504105211,
        0.22406675687939442,
        0.19481389409725341,
        0.1995338210212797,
        0.1911261163751664,
        0.20521693612603795
    ],
    "train_accuracy": [
        0.8081798612772064,
        0.8588854341066731,
        0.8780196125328869,
        0.8689308777804353,
        0.8715618273140397,
        0.8691700550107629,
        0.8763453719205931,
        0.8801722076058359,
        0.8777804353025592,
        0.8832815116000957
    ],
    "val_accuracy": [
        0.8967495219885278,
        0.9024856596558317,
        0.9005736137667304,
        0.9063097514340345,
        0.9216061185468452,
        0.9158699808795411,
        0.9177820267686424,
        0.9196940726577438,
        0.9273422562141491,
        0.9235181644359465
    ],
    "val_f1": [],
    "val_recall": [],
    "val_auc": [],
    "best_accuracy": 0.9273422562141491,
    "best_epoch": 9,
    "MODEL_SAVED_PATH": "d:\\VNUK ASSIGNMENTS\\3rd YEAR\\1st SEM\\DAFLS\\final\\xray_chest_classification\\model_checkpoints/EfficientNetAdvanced.pth"
}