{
    "model_name": "EfficientNetAdvanced",
    "train_losses": [
        0.3215195259685626,
        0.32592502979998966,
        0.31130510531152067,
        0.31096334136812764,
        0.299681374164317,
        0.2995992598881582,
        0.2900705991970056,
        0.2830502047308093,
        0.30132623240412765,
        0.29997069159144424
    ],
    "val_losses": [
        0.2257098625598435,
        0.22474073741399464,
        0.25013609042112855,
        0.22460787175258914,
        0.22549186665969181,
        0.21980338573151317,
        0.23526917504548722,
        0.22889718270621537,
        0.21668947017055817,
        0.20627702936282713
    ],
    "train_accuracy": [
        0.8759223831647991,
        0.8781087728887674,
        0.8827548510522001,
        0.882208253621208,
        0.8876742279311287,
        0.8860344356381525,
        0.8925936048100573,
        0.8975129816889861,
        0.8882208253621208,
        0.8915004099480732
    ],
    "val_accuracy": [
        0.9220945083014048,
        0.9220945083014048,
        0.9246487867177522,
        0.9259259259259259,
        0.9348659003831418,
        0.9284802043422733,
        0.9310344827586207,
        0.9348659003831418,
        0.9259259259259259,
        0.929757343550447
    ],
    "best_epoch": 10,
    "MODEL_SAVED_PATH": "/Users/mac/Desktop/Code/Personal_Project/VNUK/xray_chest_classification/model_checkpoints/EfficientNetAdvanced.pth"
}