{
    "model_name": "SimpleEfficientNet",
    "train_losses": [
        0.5687260205766796,
        0.3937866352614362,
        0.35080596843823036,
        0.3344177347753813,
        0.3203355326047499,
        0.3199693487965585,
        0.2980108358120981,
        0.31974757715607055,
        0.3232920953272861,
        0.29689845703658063,
        0.27777762543182855,
        0.2623065466645288,
        0.22984551861650548,
        0.22951216248341424,
        0.21620005248009774,
        0.20290327807756967,
        0.19801984256219418
    ],
    "val_losses": [
        0.2989495732246348,
        0.2649599379551798,
        0.2274457091754071,
        0.21232163002910395,
        0.19806199522250925,
        0.22274516089810467,
        0.20459920760550418,
        0.1948460041052069,
        0.21246597167980602,
        0.1963253808750933,
        0.20230089176453322,
        0.18379534298044772,
        0.16871904655863632,
        0.15978122347285598,
        0.15484371762829574,
        0.1621397901219574,
        0.15147520507726797
    ],
    "train_accuracy": [
        0.7952642908395121,
        0.8548194211911027,
        0.8710834728533844,
        0.8718010045443674,
        0.883042334369768,
        0.8813680937574743,
        0.8921310691222195,
        0.8773020808419039,
        0.8799330303755083,
        0.8875867017459937,
        0.8971537909591006,
        0.9028940444869649,
        0.9150920832336762,
        0.9150920832336762,
        0.9174838555369529,
        0.9251375269074384,
        0.9272901219803875
    ],
    "val_accuracy": [
        0.8948374760994264,
        0.8795411089866156,
        0.9139579349904398,
        0.9196940726577438,
        0.9158699808795411,
        0.9158699808795411,
        0.9063097514340345,
        0.9216061185468452,
        0.9082217973231358,
        0.9082217973231358,
        0.9292543021032504,
        0.9235181644359465,
        0.9349904397705545,
        0.9273422562141491,
        0.9349904397705545,
        0.9273422562141491,
        0.9292543021032504
    ],
    "val_f1": [],
    "val_recall": [],
    "val_auc": [],
    "best_accuracy": 0.9349904397705545,
    "best_epoch": 13,
    "MODEL_SAVED_PATH": "d:\\VNUK ASSIGNMENTS\\3rd YEAR\\1st SEM\\DAFLS\\final\\xray_chest_classification/model_checkpoints/best_SimpleEfficientNet_finetuned.pth"
}