{
    "model_name": "SimpleEfficientNet",
    "train_losses": [
        0.5764717958474557,
        0.39403113759453423,
        0.3660856084717398,
        0.3374389668783551,
        0.3206618745149762,
        0.3162145571130063,
        0.3046810667138179,
        0.29466833443418816,
        0.29771074966251865,
        0.286021105733342,
        0.2978065965702769,
        0.2838655429016407,
        0.2713969214268316,
        0.2824101587174596,
        0.2934630162796058,
        0.2919387654402635,
        0.2824565342913302,
        0.2816128770724839
    ],
    "val_losses": [
        0.29889389952480566,
        0.2519882403190413,
        0.23648954705260267,
        0.23173661923956598,
        0.23267924401190698,
        0.22801135750642074,
        0.21612043591218585,
        0.2281637567631891,
        0.22463613811352243,
        0.20570838118345497,
        0.21553731288185218,
        0.2161315287324204,
        0.20046801218051716,
        0.21720414864681994,
        0.20249779195088233,
        0.2069731978164322,
        0.20706500398473265,
        0.22245510453465342
    ],
    "train_accuracy": [
        0.801858431265373,
        0.8595244602350369,
        0.8669035255534299,
        0.8783820716042635,
        0.8797485651817436,
        0.8876742279311287,
        0.8882208253621208,
        0.8923203060945614,
        0.8849412407761683,
        0.8865810330691446,
        0.8904072150860891,
        0.8958731893960098,
        0.9005192675594424,
        0.9010658649904345,
        0.8920470073790653,
        0.8904072150860891,
        0.8980595791199781,
        0.8939600983875375
    ],
    "val_accuracy": [
        0.9208173690932312,
        0.9259259259259259,
        0.929757343550447,
        0.9246487867177522,
        0.9284802043422733,
        0.9272030651340997,
        0.929757343550447,
        0.9284802043422733,
        0.929757343550447,
        0.9259259259259259,
        0.9208173690932312,
        0.9259259259259259,
        0.9310344827586207,
        0.9272030651340997,
        0.9246487867177522,
        0.933588761174968,
        0.9284802043422733,
        0.9323116219667944
    ],
    "best_epoch": 13,
    "MODEL_SAVED_PATH": "/Users/mac/Desktop/Code/Personal_Project/VNUK/xray_chest_classification/model_checkpoints/best_SimpleEfficientNet_finetuned.pth"
}