{
    "model_name": "SimpleEfficientNet",
    "train_losses": [
        0.5818880398402914,
        0.39790593738819363,
        0.3552382324221487,
        0.33293418469710717,
        0.31743321437865346,
        0.30773486843864134,
        0.3159931614278635,
        0.3061673505629572,
        0.29071465982144257,
        0.2975727346447546
    ],
    "val_losses": [
        0.2994886888030838,
        0.23761275177020189,
        0.22025967516133252,
        0.22093931814908527,
        0.22454030925753468,
        0.20689621356887525,
        0.19037181507959877,
        0.19749221725684962,
        0.18542545632126226,
        0.19600589379639743
    ],
    "train_accuracy": [
        0.7907199234632863,
        0.857450370724707,
        0.8662999282468309,
        0.8777804353025592,
        0.8806505620664913,
        0.8873475245156661,
        0.8820856254484573,
        0.8873475245156661,
        0.8918918918918919,
        0.8914135374312365
    ],
    "val_accuracy": [
        0.9024856596558317,
        0.9158699808795411,
        0.9254302103250478,
        0.9235181644359465,
        0.9235181644359465,
        0.9101338432122371,
        0.9292543021032504,
        0.9292543021032504,
        0.9311663479923518,
        0.9254302103250478
    ],
    "val_f1": [],
    "val_recall": [],
    "val_auc": [],
    "best_accuracy": 0.9311663479923518,
    "best_epoch": 9,
    "MODEL_SAVED_PATH": "d:\\VNUK ASSIGNMENTS\\3rd YEAR\\1st SEM\\DAFLS\\final\\xray_chest_classification\\model_checkpoints/SimpleEfficientNet.pth"
}