{
    "model_name": "SimpleEfficientNet",
    "train_losses": [
        0.5764717958474557,
        0.39403113759453423,
        0.3660856084717398,
        0.3374389668783551,
        0.3206618745149762,
        0.3162145571130063,
        0.3046810667138179,
        0.29466833443418816,
        0.29771074966251865,
        0.286021105733342
    ],
    "val_losses": [
        0.29889389952480566,
        0.2519882403190413,
        0.23648954705260267,
        0.23173661923956598,
        0.23267924401190698,
        0.22801135750642074,
        0.21612043591218585,
        0.2281637567631891,
        0.22463613811352243,
        0.20570838118345497
    ],
    "train_accuracy": [
        0.801858431265373,
        0.8595244602350369,
        0.8669035255534299,
        0.8783820716042635,
        0.8797485651817436,
        0.8876742279311287,
        0.8882208253621208,
        0.8923203060945614,
        0.8849412407761683,
        0.8865810330691446
    ],
    "val_accuracy": [
        0.9208173690932312,
        0.9259259259259259,
        0.929757343550447,
        0.9246487867177522,
        0.9284802043422733,
        0.9272030651340997,
        0.929757343550447,
        0.9284802043422733,
        0.929757343550447,
        0.9259259259259259
    ],
    "best_epoch": 10,
    "MODEL_SAVED_PATH": "/Users/mac/Desktop/Code/Personal_Project/VNUK/xray_chest_classification/model_checkpoints/SimpleEfficientNet.pth"
}